{"cameraMode":{"drawMode":0,"name":"Shaded","section":"Shading Mode"},"sceneLighting":true,"audioPlay":false,"sceneViewState":{"m_AlwaysRefresh":false,"showFog":true,"showSkybox":true,"showFlares":true,"showImageEffects":true,"showParticleSystems":true,"showVisualEffectGraphs":true,"m_FxEnabled":true},"in2DMode":false,"pivot":{"x":-0.12919241189956666,"y":0.6088587045669556,"z":-0.16062748432159425},"rotation":{"x":0.02351335994899273,"y":0.971289873123169,"z":-0.21038608253002168,"w":0.1085541844367981},"size":0.8660253882408142,"orthographic":false}