{"cameraMode":{"drawMode":0,"name":"Shaded","section":"Shading Mode"},"sceneLighting":true,"audioPlay":false,"sceneViewState":{"m_AlwaysRefresh":false,"showFog":true,"showSkybox":true,"showFlares":true,"showImageEffects":true,"showParticleSystems":true,"showVisualEffectGraphs":true,"m_FxEnabled":true},"in2DMode":false,"pivot":{"x":42.58938980102539,"y":-15.146686553955079,"z":-35.809173583984378},"rotation":{"x":-0.12137366831302643,"y":-0.8573412895202637,"z":0.23589211702346803,"w":-0.4411277770996094},"size":36.867862701416019,"orthographic":false}